Category,Product_Count,Brand_Count,Average_Price,Median_Price,Minimum_Price,Maximum_Price,Total_Price,Total_Original_Price,Average_Discount,Median_Discount,Total_Discount
baby,631,0,541.74,357.0,30.0,3499.0,341840.0,465692.0,19.73,12.0,123852.0
books,636,0,371.63,274.0,19.0,3619.0,236357.0,313334.0,23.06,22.0,76977.0
food,619,0,423.43,335.0,10.0,5025.0,261679.0,336817.0,16.63,11.0,75138.0
furn,586,0,3969.01,1488.5,127.0,39290.0,2325838.0,3767316.0,40.69,40.0,1441478.0
laptops,314,0,68655.69,58744.5,13990.0,348990.0,21557887.0,24836514.0,13.21,10.0,3278627.0
mens_westernwear,584,167,436.31,390.0,97.0,1686.0,254806.0,664135.0,56.01,61.0,409329.0
mobiles,521,0,10979.52,7499.0,499.0,73600.0,5720329.0,6616693.0,12.24,5.0,896364.0
women_footwear,539,182,633.74,418.0,121.0,7496.0,341587.0,576477.0,36.66,40.0,234890.0
women_westernwear,591,212,465.48,404.0,189.0,2716.0,275100.0,768859.0,62.05,64.0,493759.0
