Product Name,Category,Brand,Price,Original Prices,Discount rates,Ratings
Asus X Series Core i3 7th Gen - (4 GB/1 TB HDD/Endless) X540UA-GQ703 Laptop,laptops,,25990.0,33990.0,23.0,4.1
Dell Vostro 15 3000 Core i3 7th Gen - (4 GB/1 TB HDD/Linux) 3581 Laptop,laptops,,26490.0,32120.0,17.0,4.3
HP 14q Core i3 7th Gen - (4 GB/1 TB HDD/DOS) 14q-cs0009TU Thin and Light Laptop,laptops,,26990.0,32850.0,17.0,4.2
Asus VivoBook 15 Core i3 7th Gen - (4 GB/1 TB HDD/Windows 10 Home) X543UA-DM342T Laptop,laptops,,27990.0,37591.0,25.0,4.2
Lenovo Ideapad 330 Ryzen 5 Quad Core - (4 GB/1 TB HDD/Windows 10 Home) 330-15ARR U Laptop,laptops,,29990.0,39577.0,24.0,4.1
Asus VivoBook 15 Core i3 8th Gen - (4 GB/1 TB HDD/Windows 10 Home) X540UA-GQ2113T Laptop,laptops,,30990.0,41990.0,26.0,4.1
HP 15q Core i3 7th Gen - (4 GB/1 TB HDD/Windows 10 Home) 15q-ds0007TU Laptop,laptops,,30990.0,39168.0,20.0,4.1
Lenovo Ideapad S145 Core i3 7th Gen - (4 GB/1 TB HDD/Windows 10 Home) S145-15IKB Laptop,laptops,,32490.0,39990.0,18.0,4.3
Asus VivoBook 14 Core i3 7th Gen - (4 GB/256 GB SSD/Windows 10 Home) X412UA-EK342T Thin and Light Lapt...,laptops,,33990.0,41990.0,19.0,4.3
Lenovo Ideapad S145 Core i3 10th Gen - (4 GB/256 GB SSD/Windows 10 Home) S145-15IIL Thin and Light Lap...,laptops,,35490.0,48190.0,26.0,4.4
Asus VivoBook Ryzen 5 Quad Core - (8 GB/1 TB HDD/Windows 10 Home) X505ZA-EJ509TX505Z Thin and Light La...,laptops,,36500.0,43990.0,17.0,4.2
Asus VivoBook 14 Ryzen 5 Quad Core - (4 GB/1 TB HDD/Windows 10 Home) X412DA-EK141T Thin and Light Lapt...,laptops,,36990.0,44031.0,15.0,4.3
Asus Core i5 8th Gen - (8 GB/1 TB HDD/Windows 10 Home/2 GB Graphics) R540UB-DM1197T Laptop,laptops,,39990.0,48610.0,17.0,4.1
Avita Liber Core i5 7th Gen - (8 GB/256 GB SSD/Windows 10 Home) NS14A1IN007P Thin and Light Laptop,laptops,,39990.0,75990.0,47.0,4.3
Avita Liber Core i5 8th Gen - (8 GB/256 GB SSD/Windows 10 Home) NS14A2IN199P Thin and Light Laptop,laptops,,41990.0,65990.0,36.0,4.4
Asus VivoBook 14 Ryzen 5 Quad Core 2nd Gen - (8 GB/512 GB SSD/Windows 10 Home) X412DA-EK502T Thin and ...,laptops,,41990.0,52990.0,20.0,4.4
Avita Liber Core i5 8th Gen - (8 GB/256 GB SSD/Windows 10 Home) NS14A2IN212P Thin and Light Laptop,laptops,,41990.0,65990.0,36.0,4.4
Avita Liber Core i5 8th Gen - (8 GB/256 GB SSD/Windows 10 Home) NS14A2IN202P Thin and Light Laptop,laptops,,41990.0,65990.0,36.0,4.4
Avita Liber Core i5 8th Gen - (8 GB/256 GB SSD/Windows 10 Home) NS14A2IN198P Thin and Light Laptop,laptops,,41990.0,65990.0,36.0,4.4
Avita Liber Core i5 8th Gen - (8 GB/256 GB SSD/Windows 10 Home) NS14A2IN206P Thin and Light Laptop,laptops,,41990.0,65990.0,36.0,4.4
Avita Liber Core i5 8th Gen - (8 GB/256 GB SSD/Windows 10 Home) NS14A2IN196P Thin and Light Laptop,laptops,,41990.0,65990.0,36.0,4.4
Avita Liber Core i5 8th Gen - (8 GB/256 GB SSD/Windows 10 Home) NS14A2IN204P Thin and Light Laptop,laptops,,41990.0,65990.0,36.0,4.4
Avita Liber Core i5 8th Gen - (8 GB/256 GB SSD/Windows 10 Home) NS14A2IN205P Thin and Light Laptop,laptops,,41990.0,65990.0,36.0,4.4
Dell Vostro 14 3000 Core i5 8th Gen - (8 GB/1 TB HDD/Linux/2 GB Graphics) VOS 3480 Laptop,laptops,,42990.0,50268.0,14.0,4.3
Dell Vostro 14 3000 Core i5 8th Gen - (8 GB/1 TB HDD/Windows 10 Home/2 GB Graphics) vos 3480 Laptop,laptops,,43990.0,54516.0,19.0,4.1
HP Pavilion Core i3 7th Gen - (8 GB/1 TB HDD/Windows 10 Home/2 GB Graphics) da0435tx Laptop,laptops,,44990.0,51324.0,12.0,4.3
Lenovo Ideapad S145 Core i5 10th Gen - (8 GB/1 TB HDD/Windows 10 Home) S145-15IIL Laptop,laptops,,44990.0,63090.0,28.0,4.9
Asus ZenBook Core i5 8th Gen - (8 GB/256 GB SSD/Windows 10 Home) UX430UA-GV573T Thin and Light Laptop,laptops,,45990.0,86990.0,47.0,4.2
Asus TUF Gaming Ryzen 5 Quad Core - (8 GB/1 TB HDD/Windows 10 Home/3 GB Graphics/NVIDIA Geforce GTX 10...,laptops,,46990.0,72990.0,35.0,4.5
Acer Nitro 5 Ryzen 5 Quad Core - (8 GB/1 TB HDD/Windows 10 Home/4 GB Graphics/AMD Radeon RX 560X) AN51...,laptops,,47990.0,61094.0,21.0,4.4
Lenovo Ideapad 330 Core i5 8th Gen - (8 GB/1 TB HDD/DOS/4 GB Graphics) 330-15IKB/ 81DELenovo ideapad 3...,laptops,,48990.0,65690.0,25.0,4.3
HP 15 Core i5 8th Gen - (8 GB/1 TB HDD/DOS/2 GB Graphics) 15-da0077tx Laptop,laptops,,49929.0,57899.0,13.0,4.3
Asus VivoBook 14 Core i5 8th Gen - (8 GB/512 GB SSD/Windows 10 Home) X412FA-EK230T Thin and Light Lapt...,laptops,,49990.0,62990.0,20.0,4.4
