Category,Price_Band,Product_Count
baby,<=₹500,408
baby,"₹501–₹1,000",148
baby,"₹1,001–₹5,000",75
books,<=₹500,523
books,"₹501–₹1,000",88
books,"₹1,001–₹5,000",25
food,<=₹500,459
food,"₹501–₹1,000",124
food,"₹1,001–₹5,000",34
food,"₹5,001–₹10,000",1
furn,<=₹500,68
furn,"₹501–₹1,000",139
furn,"₹1,001–₹5,000",232
furn,"₹5,001–₹10,000",77
furn,"₹10,001–₹25,000",66
furn,"₹25,001–₹50,000",4
laptops,"₹10,001–₹25,000",21
laptops,"₹25,001–₹50,000",102
laptops,"₹50,001–₹1,00,000",147
laptops,">₹1,00,000",44
mens_westernwear,<=₹500,405
mens_westernwear,"₹501–₹1,000",171
mens_westernwear,"₹1,001–₹5,000",8
mobiles,<=₹500,5
mobiles,"₹501–₹1,000",111
mobiles,"₹1,001–₹5,000",112
mobiles,"₹5,001–₹10,000",83
mobiles,"₹10,001–₹25,000",156
mobiles,"₹25,001–₹50,000",40
mobiles,"₹50,001–₹1,00,000",14
women_footwear,<=₹500,377
women_footwear,"₹501–₹1,000",111
women_footwear,"₹1,001–₹5,000",50
women_footwear,"₹5,001–₹10,000",1
women_westernwear,<=₹500,414
women_westernwear,"₹501–₹1,000",164
women_westernwear,"₹1,001–₹5,000",13
