Category,Product Name,Price,Original Prices,Discount rates
laptops,Alienware 17 Core i9 8th Gen - (32 GB/1 TB HDD/1 TB SSD/Windows 10 Home/8 GB Graphics/NVIDIA Geforce G...,348990.0,349817.0,0.0
laptops,Alienware 15 Core i9 8th Gen - (32 GB/1 TB HDD/1 TB SSD/Windows 10 Home/8 GB Graphics/NVIDIA Geforce G...,320990.0,321609.0,0.0
laptops,Asus ZenBook Pro Duo Core i9 9th Gen - (32 GB/1 TB SSD/Windows 10 Home/6 GB Graphics) UX581GV-H9201T L...,259990.0,302990.0,14.0
laptops,Dell XPS 15 Core i9 9th Gen - (32 GB/1 TB SSD/Windows 10 Home/4 GB Graphics) 7590 Laptop,249990.0,250222.0,0.0
laptops,Apple Macbook Pro Core i7 8th Gen - (16 GB/512 GB SSD/Mac OS Mojave/4 GB Graphics) MR942HN/A,239990.0,259990.0,7.0
laptops,Apple MacBook Pro Core i7 7th Gen - (16 GB/512 GB SSD/Mac OS Sierra/2 GB Graphics) MPTT2HN/A,229990.0,244990.0,6.0
laptops,Lenovo Core i7-8550U Core i7 7th Gen - (16 GB/500 GB HDD/500 GB SSD/Windows 10/16 GB Graphics) ThinkPa...,225000.0,225000.0,0.0
laptops,HP Spectre Folio x360 Core i7 8th Gen - (16 GB/512 GB SSD/Windows 10 Pro) 13-ak0040TU 2 in 1 Laptop,215000.0,215909.0,0.0
laptops,Apple MacBook Pro Core i9 8th Gen - (16 GB/512 GB SSD/Mac OS Mojave/4 GB Graphics) MV912HN,209990.0,239900.0,12.0
laptops,Asus ZenBook Pro Duo Core i7 9th Gen - (32 GB/1 TB SSD/Windows 10 Home/6 GB Graphics) UX581GV-H7201T L...,209990.0,242990.0,13.0
laptops,Lenovo Yoga S940 Core i7 8th Gen - (16 GB/1 TB SSD/Windows 10 Home) S940-14IWL Thin and Light Laptop,199999.0,199999.0,0.0
laptops,HP Omen Core i7 8th Gen - (16 GB/1 TB HDD/256 GB SSD/Windows 10 Home/8 GB Graphics/NVIDIA Geforce RTX ...,179990.0,184359.0,2.0
laptops,HP Spectre x360 Core i7 8th Gen - (16 GB/512 GB SSD/Windows 10 Home) 13-ap0101TU 2 in 1 Laptop,172725.0,172725.0,0.0
laptops,Acer Predator Triton 500 Core i7 9th Gen - (16 GB/1 TB SSD/Windows 10 Home/6 GB Graphics/NVIDIA Geforc...,165826.0,165826.0,0.0
laptops,Asus ROG Strix Hero II Core i7 8th Gen - (16 GB/1 TB HDD/256 GB SSD/Windows 10 Home/6 GB Graphics/NVID...,164990.0,197990.0,16.0
laptops,Apple MacBook Pro Core i5 8th Gen - (8 GB/256 GB SSD/Mac OS Mojave) MV962HN,154990.0,159900.0,3.0
laptops,HP Spectre x360 Core i5 8th Gen - (8 GB/256 GB SSD/Windows 10 Pro) 13-ap0121TU 2 in 1 Laptop,151133.0,151133.0,0.0
laptops,HP Spectre x360 Core i7 8th Gen - (16 GB/512 GB SSD/Windows 10 Pro) 13-ae503TU 2 in 1 Laptop,149490.0,168395.0,11.0
laptops,HP Spectre X360 Core i7 8th Gen - (16 GB/512 GB SSD/Windows 10 Home) 13-AP0033DX 2 in 1 Laptop,145990.0,198990.0,26.0
laptops,Acer Helios 300 Core i7 9th Gen - (16 GB/2 TB HDD/256 GB SSD/Windows 10 Home/8 GB Graphics/NVIDIA Gefo...,139990.0,181428.0,22.0
