Category,Product_Count,Brand_Count,Total_Price,Total_Original_Price,Total_Discount,Average_Discount
baby,631,0,341840.0,465692.0,123852.0,19.73
books,636,0,236357.0,313334.0,76977.0,23.06
food,619,0,261679.0,336817.0,75138.0,16.63
furn,586,0,2325838.0,3767316.0,1441478.0,40.69
laptops,314,0,21557887.0,24836514.0,3278627.0,13.21
mens_westernwear,584,167,254806.0,664135.0,409329.0,56.01
mobiles,521,0,5720329.0,6616693.0,896364.0,12.24
women_footwear,539,182,341587.0,576477.0,234890.0,36.66
women_westernwear,591,212,275100.0,768859.0,493759.0,62.05
