Feature,Data_Type,Missing_Values,Unique_Values,Missing_Percentage
Brand,string,0,535,0.0
Brand_Normalized,string,0,518,0.0
Category,string,0,9,0.0
Discount_Amount,float64,0,1240,0.0
Discount rates,float64,0,89,0.0
Original Prices,float64,0,1121,0.0
Price,float64,0,1327,0.0
Ratings,float64,0,24,0.0
Product Name,string,0,4054,0.0
Discount_Rate_Calculated,float64,0,2347,0.0
Price_Difference,float64,0,1240,0.0
Price_Ratio,float64,0,2922,0.0
Price_Per_Discount,float64,0,3089,0.0
Log_Price,float64,0,1327,0.0
Price_Band,category,0,8,0.0
Effective_Discount,float64,0,2922,0.0
Discount_Band,category,0,7,0.0
High_Discount_Flag,int64,0,2,0.0
Very_High_Discount_Flag,int64,0,2,0.0
Rating_Band,category,0,6,0.0
High_Rating_Flag,int64,0,2,0.0
Excellent_Rating_Flag,int64,0,2,0.0
Rating_Squared,float64,0,24,0.0
Category_Product_Count,int64[pyarrow],0,9,0.0
Category_Avg_Price,float64,0,9,0.0
Price_vs_Category_Avg,float64,0,2337,0.0
Brand_Product_Count,int64[pyarrow],0,26,0.0
Brand_Avg_Price,float64,0,341,0.0
Brand_Avg_Discount,float64,0,216,0.0
Product_Name_Length,int64,0,92,0.0
Product_Name_Word_Count,int64,0,22,0.0
Product_Name_Digit_Count,int64,0,23,0.0
Product_Name_Upper_Count,int64,0,45,0.0
Estimated_Cost,float64,0,1327,0.0
Estimated_Marketplace_Fee,float64,0,1327,0.0
Estimated_Profit,float64,0,1327,0.0
Estimated_Profit_Margin,float64,0,1327,0.0
Profitable_Flag,int64,0,2,0.0
Price_Discount_Interaction,float64,0,2726,0.0
Rating_Discount_Interaction,float64,0,310,0.0
Rating_Price_Interaction,float64,0,1594,0.0
Value_Score,float64,0,327,0.0
Category_Encoded,int64,0,9,0.0
Brand_Normalized_Encoded,int64,0,518,0.0
Price_Band_Encoded,int64,0,8,0.0
Discount_Band_Encoded,int64,0,7,0.0
Rating_Band_Encoded,int64,0,6,0.0
