Actual_Price,linear_regression_Prediction,random_forest_Prediction,gradient_boosting_Prediction,extra_trees_Prediction
449.0,448.90728061763184,451.83,366.6848459569678,455.5
525.0,525.2151992139206,530.55,636.9232802820433,534.295
16990.0,16990.142726908867,16639.19,16771.416336721202,16990.27
849.0,849.1100400930618,796.38,631.5375508975669,842.88
841.0,840.9451730394603,658.27,909.3412303733738,631.005
60990.0,60989.848318216114,60574.47,62619.32191357277,62694.225
25990.0,25990.11543601069,28793.85,27776.51810810568,28134.09
267.0,266.86989764179725,261.045,333.08891999295975,269.96
349.0,349.33626609461135,360.095,370.0214405848595,346.94
549.0,549.1578707195868,548.46,626.9232990222554,555.735
1599.0,1599.0890271137241,1589.28,1870.5246114573758,1592.025
1299.0,1298.8814833852248,1312.885,1350.667389302295,1327.23
178.0,177.9525698775833,185.125,262.15815151570695,181.34
734.0,734.213411012799,716.535,639.1780193527968,735.5
298.0,297.9934345528636,299.235,321.16706928585336,298.785
650.0,650.3621471978877,655.005,638.0209849507037,652.34
14999.0,14998.978446913756,14555.555,14836.313287776476,14474.615
478.0,477.8852026835857,475.3,376.29381211750825,480.34
16999.0,16998.86826111068,17022.795,17213.106682151498,16999.0
454.0,454.12572787037334,445.66,366.6848459569678,448.32
19999.0,19998.92883175756,19887.32,19527.160306983893,20009.0
331.0,330.87872542967307,326.665,373.95627342778624,339.155
599.0,599.0898829854978,598.81,859.0459969325518,709.765
229.0,229.03204734729024,228.92,269.42995048130535,229.49
128.0,127.8671547547192,127.405,203.45718356748765,128.0
970.0,970.2184434464261,966.62,874.3547369668655,970.0
501.0,500.97216832407685,569.57,630.8581318651823,562.985
375.0,375.05875312593616,372.375,347.36431601668886,374.365
259990.0,259989.7811267702,250905.45,246359.56518039905,278265.0
3990.0,3989.8753404545882,4354.05,4386.617294417,4161.365
287.0,287.1806767082926,284.995,333.08891999295975,290.11
649.0,649.3325338248187,659.73,638.0209849507037,653.73
1499.0,1498.9018126800338,1531.235,1479.1527299018671,1515.59
289.0,288.7043836705179,289.77,370.0214405848595,289.925
752.0,751.9513079477292,740.92,707.0468931390647,756.92
137.0,136.94134743620543,132.74,203.45718356748765,136.14
74990.0,74989.71262072498,73547.785,78786.62210425956,75407.4
1078.0,1078.076194631818,1078.055,1261.1106832303162,1078.0
280.0,279.94669910933226,279.61,282.49022723305677,279.385
559.0,559.2812076559085,559.41,632.1311103039004,559.605
699.0,699.1674541663133,707.03,663.3223985837813,687.36
2690.0,2689.871453127597,2583.74,2862.5731251612438,2633.87
720.0,720.1752123051874,718.425,840.4281475462695,768.75
459.0,459.0379231818124,461.305,370.3835912123954,458.595
575.0,575.1276312966975,575.76,622.5126781145382,574.67
378.0,377.8875088298055,392.27,363.23353536575684,379.175
240.0,239.816668331021,250.155,266.4387151431272,243.74
1284.0,1283.8445573506424,1275.93,1261.6440599831,1278.36
211.0,211.01990805901005,214.305,242.16966090610663,212.88
199.0,198.70576204301233,197.47,206.4566196171351,205.8
684.0,684.2443691636236,671.67,630.8581318651823,684.425
8499.0,8499.201513849994,8367.1,8208.084233318823,8519.275
450.0,449.9450846674954,445.105,366.69076756643085,448.11
549.0,548.715127680588,547.955,626.9232990222554,549.0
849.0,849.1686227280852,849.9,662.7718027685312,846.7
531.0,531.2710278917584,540.875,621.8725352187796,543.575
399.0,398.51407576811744,398.07,370.0214405848595,398.85
371.0,370.72636078006053,378.775,347.36431601668886,373.49
299.0,299.0539169772219,298.995,370.0214405848595,299.0
192.0,191.90244448584508,197.905,261.4779968353543,194.01
58.0,57.90520864545215,55.725,190.82458804529708,57.215
225.0,225.08279987402238,224.93,242.16966090610663,224.375
303.0,303.02138063765597,291.615,321.16706928585336,299.705
359.0,358.90583238912404,356.71,360.22995084606777,361.4
425.0,425.0275960695253,426.03,368.528329044659,423.955
329.0,329.19616695298737,328.155,317.7203991687681,328.475
34490.0,34489.61852853559,40758.075,39388.48901491209,37451.62
745.0,744.9529462760165,688.07,630.8581318651823,730.41
499.0,498.9911209231832,494.51,404.72273281042345,498.19
443.0,442.8749407119003,442.61,366.69076756643085,440.23
337.0,337.04060738031785,335.87,370.0214405848595,335.93
109900.0,109899.98410145372,111014.35,110050.4515024187,111483.04
299.0,298.91433936332123,299.0,321.16706928585336,299.0
584.0,583.2525324351654,583.325,627.60271805464,580.655
219.0,219.074483538172,217.455,269.42995048130535,219.0
13690.0,13689.773088033106,13752.925,13858.727539807878,13879.305
175.0,174.91396026895745,176.18,214.57246615854413,174.71
328.0,327.8478874716184,330.935,341.54364219208446,328.44
399.0,398.774918508112,396.945,370.0214405848595,398.9
30500.0,30499.96851537919,30357.73,30688.63010761078,31328.14
539.0,539.0742424314212,563.225,700.3302739391602,555.645
925.0,925.2296514018808,919.785,874.3547369668655,920.28
16999.0,16999.11949854003,17115.755,17786.803472785123,16308.09
399.0,398.91234599934796,397.825,370.0214405848595,398.585
4999.0,4998.937795594107,4375.655,4435.415243384384,4216.955
5299.0,5299.253091560694,5906.895,5490.517927895491,6366.765
330.0,330.19260873379335,324.575,370.0214405848595,326.51
1110.0,1109.9543390197678,1101.73,1454.9550652345586,1111.545
50.0,49.95284690869812,47.82,190.82458804529708,48.805
164.0,164.11461569628773,167.51,243.63565595090563,164.515
1679.0,1679.1203532153804,1710.185,1523.8597265335482,1707.075
499.0,499.12085249379015,496.92,404.72273281042345,498.62
499.0,499.08198618478764,498.935,370.0214405848595,493.13
1519.0,1519.1162199727296,1549.005,1870.5246114573758,1643.0
479.0,478.6808211378575,476.15,370.0214405848595,479.255
229.0,229.15928857389918,233.01,370.0214405848595,229.175
935.0,935.0287548012393,952.365,890.7481643864442,890.865
59990.0,59989.96692751426,73645.63,62704.8495161356,68539.635
380.0,379.76984465144596,406.715,404.72273281042345,395.12
299.0,298.5731248297234,298.455,282.49022723305677,298.495
199.0,199.0366329783019,198.685,261.4779968353543,199.04
4690.0,4690.002367182997,4422.32,5568.04989628948,4444.08
379.0,379.03388939431534,386.35,370.0214405848595,378.59
8990.0,8989.729049708565,8785.52,8236.172302774252,8832.12
899.0,899.0154812840046,941.11,663.3223985837813,889.365
331.0,331.1277696604466,320.465,373.95627342778624,335.805
136.0,136.05278951341643,131.455,234.88345714854947,134.265
993.0,992.8748532346372,827.66,814.1946256295219,832.925
165.0,165.0735258555851,184.23,282.60195887974066,173.135
36999.0,36998.986804115935,37350.03,37591.89770000013,37142.57
359.0,358.6903979243698,358.025,370.0214405848595,359.575
329.0,329.0019291381368,328.275,370.0214405848595,328.245
10999.0,10998.965469519733,11057.185,12032.217092531875,11006.0
949.0,949.12495647593,839.015,730.5766914989326,843.52
246.0,246.06467769680694,248.835,370.0214405848595,246.04
6499.0,6499.254910130721,6809.21,6747.541946800936,6417.37
284.0,283.80866679421433,285.93,311.259582448405,284.0
599.0,599.4669599730678,599.385,631.9855790386251,600.485
284.0,284.06766457921003,294.225,370.0214405848595,288.605
299.0,299.20362465958533,299.045,321.16706928585336,299.05
2399.0,2399.129074343922,2404.4,1994.4464213038932,2446.265
182.0,182.00882821620326,200.23,283.8113577372863,188.365
383.0,382.9940849564073,382.75,370.0214405848595,383.34
844.0,843.8974640027254,845.115,638.0209849507037,829.365
649.0,648.9266375092175,673.555,662.7718027685312,659.95
599.0,599.201766093448,599.03,631.9855790386251,599.0
96.0,96.20479616962348,100.26,225.6247279919982,98.495
166.0,166.1361480842179,169.715,261.4779968353543,166.455
2499.0,2499.1100424805986,2652.63,2250.976639102807,2513.905
32990.0,32990.185472681704,34436.41,33910.9302433956,32907.715
302.0,301.7432490419842,302.445,310.7370400737074,301.18
4390.0,4389.763583317699,4161.33,3861.911942536517,4387.77
620.0,620.1075808101177,617.015,631.5805144886504,616.255
331.0,331.1570195202903,320.855,370.0214405848595,326.975
999.0,999.1214959033741,979.1,641.9558177936306,988.665
1474.0,1474.1757344082962,1460.245,1425.1470513073807,1476.38
499.0,498.7690106716436,488.635,404.72273281042345,498.53
479.0,479.09026096744583,477.265,370.3835912123954,477.855
987.0,987.1719889356973,967.22,853.700300348212,986.205
349.0,348.83984071168925,347.175,370.0214405848595,352.68
200.0,200.14849010718262,200.0,255.1898639933228,200.0
189.0,189.0190549181716,192.5,370.0214405848595,189.25
6990.0,6990.117783103632,6857.835,6538.769688898873,7208.63
1199.0,1198.8202001825948,1199.2,1261.6440599831,1206.62
4890.0,4889.801361190335,4766.105,4758.745416393096,4743.21
637.0,636.9668216742157,624.52,638.2279466345295,632.16
211.0,211.18650288886874,217.735,310.89131208480137,211.03
339.0,339.0534989638636,334.06,370.0214405848595,335.86
268.0,267.9956657995208,267.79,281.8500843372981,267.945
499.0,498.79115701397586,486.96,376.35588842444963,481.895
97.0,97.0319709344476,96.785,190.82458804529708,97.0
230.0,230.03499188013393,241.845,370.0214405848595,235.505
449.0,449.14446272570876,453.53,370.0214405848595,458.51
27.0,26.93441961793178,30.735,190.82458804529708,26.385
499.0,499.0284016941532,498.5,370.0214405848595,498.0
8499.0,8499.108284240046,8482.865,8247.701813835432,8497.41
279.0,279.09353364360777,279.01,320.22047430530256,279.0
420.0,419.8163815213293,416.44,370.0214405848595,423.81
47800.0,47799.915698855795,47202.125,46902.85556307837,47800.0
51990.0,51989.96214015178,55072.975,52871.341036283724,55133.28
359.0,358.24581141051567,359.025,347.36431601668886,357.795
248.0,248.1572969874578,256.25,290.8649973279195,248.94
73600.0,73599.91412385942,73265.9,71800.94331743376,73600.0
472.0,471.7781080046025,473.245,370.0214405848595,472.375
1969.0,1968.7759703661131,2004.32,1922.732192943362,1940.58
374.0,373.7692200017873,365.665,360.22995084606777,374.395
196.0,196.0785292267401,196.245,310.89131208480137,194.64
190.0,189.9154640749257,191.125,206.4566196171351,189.43
1990.0,1989.9617719793123,2114.645,2160.0203645012675,2028.315
336.0,335.75943816816016,339.055,341.54364219208446,337.82
629.0,629.0345764608737,635.54,653.2790475078298,629.0
13390.0,13389.950655485649,14158.925,15658.821383887242,13136.27
1320.0,1319.8469012482974,1331.83,1340.554339747365,1333.25
895.0,894.7754138366217,875.84,653.703966394419,881.685
449.0,448.94373578444356,469.655,375.65366922174957,460.2
209.0,209.61818529625452,209.945,310.89131208480137,206.43
429.0,429.04601807197196,429.015,370.0214405848595,427.655
11999.0,11998.815701064148,11809.525,12032.217092531875,11999.0
240.0,239.91026764566777,239.685,242.8098038018653,240.03
899.0,899.1905462037703,941.735,653.2790475078298,943.645
169.0,169.05685413286665,169.205,233.5618091013581,168.72
749.0,749.4471066020578,705.0,707.0468931390647,710.31
277.0,276.73171876142624,282.295,370.0214405848595,276.94
759.0,759.0227711230646,774.29,653.0638234986604,757.765
1199.0,1198.9169651618831,1227.175,1454.3149223387998,1205.83
188.0,188.10401297338285,189.0,206.4566196171351,187.82
242.0,241.9230408485755,242.095,242.8098038018653,242.39
399.0,399.0981497283892,399.5,404.72273281042345,399.0
1270.0,1270.0154158820396,1253.2,1454.9550652345586,1262.955
399.0,399.12357459057966,390.205,343.0163793236685,393.755
1799.0,1798.9666917483473,1766.875,1587.606239099354,1798.205
499.0,498.6105411881408,498.625,370.0214405848595,499.0
137.0,136.90046191964666,140.405,239.7780203532044,139.605
799.0,799.0507644128074,800.41,653.703966394419,799.0
428.0,427.83008595742285,438.47,369.83299539714517,427.695
899.0,899.1935865353935,887.76,641.9558177936306,919.595
399.0,398.93953367422364,399.64,370.0214405848595,399.0
59.0,58.802229265311325,54.54,190.82458804529708,57.76
349.0,349.279701849252,349.47,370.0214405848595,356.655
36733.0,36733.04139892656,37239.33,37591.89770000013,37378.165
7490.0,7489.819227710537,7647.12,8903.519477492664,6824.845
48990.0,48990.0545519149,46024.69,45407.80428912618,46081.795
2535.0,2534.7842458155806,2470.645,2232.396731058769,2473.295
387.0,387.139307207216,386.225,370.0214405848595,386.775
3849.0,3848.8371238276923,3732.27,3824.921425887418,3750.58
410.0,409.3826700425916,411.61,369.83299539714517,411.285
349.0,349.13048587355297,349.0,348.50982751036327,349.0
140.0,140.10162748797666,139.015,234.88345714854947,139.915
299.0,298.94606742791984,297.91,282.49022723305677,298.015
743.0,743.1969385743605,753.81,633.2577468618456,731.135
72990.0,72990.12637081993,72802.15,75021.43682790446,72990.0
193.0,193.0736934663173,193.995,310.89131208480137,193.305
299.0,298.96777215547445,299.0,370.0214405848595,299.0
161.0,160.81069244172795,166.635,233.5618091013581,163.43
299.0,299.02045100626947,299.325,311.259582448405,296.955
379.0,378.47791045572285,378.355,370.0214405848595,379.02
2323.0,2322.9658269263596,2098.97,2684.2285067824146,2397.095
1599.0,1598.7658919785963,1557.245,1751.3829188979466,1554.04
294.0,294.04553545487215,297.395,303.28513118391226,295.325
1199.0,1198.8390969836573,1189.89,1454.9550652345586,1206.355
1609.0,1608.5784865791593,1626.4,1444.9494467692832,1633.62
31899.0,31898.902189275803,30979.535,32304.517260482215,32102.01
320.0,319.81484577103674,319.61,334.94418216069613,323.85
120.0,120.17852808216412,122.795,231.88402109890205,121.135
54990.0,54990.02524341889,57481.62,57974.47981276162,56845.9
649.0,648.8105217014918,649.28,638.0209849507037,637.77
699.0,699.1771376502948,706.955,639.8644680383949,733.315
249.0,249.0628735810069,248.9,370.0214405848595,249.205
11999.0,11998.81099610313,11814.435,12032.217092531875,11999.0
324.0,323.621649421706,314.375,353.17991658995254,326.635
299.0,298.76347694922424,299.45,370.0214405848595,299.0
13590.0,13589.69595238642,16204.16,13827.555020645645,17716.22
399.0,398.9940852009413,399.0,370.0214405848595,399.0
290.0,290.0813271725856,285.11,351.77522864694305,292.37
549.0,549.0315507402811,549.37,626.9232990222554,549.0
1349.0,1349.1100168009425,1409.745,1304.0546926999818,1376.565
264.0,264.21306811710474,270.58,326.26327892595253,264.74
230.0,230.0412185123405,233.115,260.6180413185228,227.21
559.0,559.1602647007348,551.07,622.5126781145382,555.84
749.0,748.9290601447401,757.375,653.0638234986604,759.98
1249.0,1248.9783574264566,1232.055,1261.6440599831,1249.405
255.0,255.17503406591186,270.02,320.48765025346876,263.415
440.0,440.11983297950155,440.665,370.3835912123954,442.75
1679.0,1679.1522489363488,1704.24,1523.8597265335482,1697.31
2999.0,2999.059687078232,3171.065,2813.885705980096,2997.29
220.0,220.0354299519422,232.285,370.0214405848595,226.105
335.0,335.3089740857931,333.31,346.53248444407325,330.84
1398.0,1398.0392569858423,1386.6,1261.750826126075,1414.86
699.0,698.9867243651179,713.355,662.7718027685312,684.845
114.0,113.75727290921805,110.855,205.31373700199288,115.035
32550.0,32550.04071996222,32311.215,31601.50460687666,33180.04
909.0,909.1112473774174,902.025,639.8644680383949,909.335
345.0,345.2318429698689,335.405,370.0214405848595,345.0
299.0,298.946829307034,295.935,370.0214405848595,299.155
330.0,329.73465759725514,317.885,370.0214405848595,327.725
104990.0,104990.03050729014,121489.09,112784.25308981884,119312.27
232.0,231.86423560848016,245.835,370.0214405848595,253.96
299.0,299.1203207120734,299.22,370.0214405848595,299.99
955.0,955.0459553154669,985.405,653.0638234986604,967.925
650.0,650.0819894704764,648.135,622.5126781145382,650.085
719.0,718.8945689879547,706.84,653.2790475078298,737.955
10499.0,10499.04362321168,10826.565,10925.701078103302,10529.935
499.0,498.7565106456741,496.1,373.95627342778624,499.0
599.0,599.0234649895801,611.27,621.8725352187796,607.0
369.0,368.81847040407683,375.55,370.0214405848595,372.185
153.0,152.90757778689294,152.815,233.5618091013581,153.0
73990.0,73989.99164762735,74375.15,74642.69901171052,73990.0
7499.0,7499.035711964649,7202.47,7543.193150444943,7369.01
54990.0,54990.10754397261,59074.97,53226.68557959471,57202.49
949.0,949.0796221615265,947.94,856.4150464801705,936.03
159.0,159.13037471055395,159.0,234.88345714854947,159.0
398.0,397.95661961044243,398.195,370.0214405848595,398.28
549.0,549.2177010886162,550.87,631.5805144886504,552.2
41990.0,41990.01012222378,42016.5,41693.3935031071,41990.0
999.0,999.0201558242325,992.515,653.703966394419,983.05
359.0,359.0482471360392,362.58,370.0214405848595,361.105
35999.0,35999.014026080295,36494.41,36225.47816065079,36027.345
179.0,178.73076007325926,179.205,206.4566196171351,179.72
279.0,278.87799801246,279.015,370.0214405848595,288.705
30990.0,30989.959639682333,31203.895,31793.098585675987,31948.01
263.0,262.99493585414893,263.32,280.7251234284511,262.395
643.0,643.2490689233427,658.385,653.2790475078298,648.5
349.0,348.9018659933781,349.25,384.1860794067205,349.0
280.0,279.99105408994365,277.765,320.48765025346876,270.155
399.0,398.96309373636996,398.995,370.0214405848595,399.0
1679.0,1679.1238955075123,1695.86,1523.8597265335482,1680.075
793.0,793.1424425161067,773.56,627.60271805464,792.08
7499.0,7499.1084205703155,7549.59,7340.186850848158,7504.0
19990.0,19990.108162083343,19919.765,20020.751794490658,19987.59
463.0,463.00732527644686,466.08,375.65366922174957,463.645
344.0,344.18335764768744,352.295,361.37827319802045,343.45
1149.0,1148.6336343350167,1158.12,1317.8227078654015,1151.94
320.0,319.8577026655885,319.62,311.3771829694661,318.62
999.0,999.0430103253293,871.135,1011.5977709090005,883.51
383.0,382.77517638769496,382.83,370.0214405848595,383.0
179.0,179.1440897896482,180.605,260.08442719797785,181.005
1790.0,1790.0029770875572,1766.215,1674.9917098874855,1731.84
388.0,387.7325163308524,384.695,370.0214405848595,391.53
203.0,202.80020820139998,198.305,231.93710091088056,206.215
435.0,434.95163926882833,426.385,366.69076756643085,431.82
869.0,869.132581111001,857.435,653.0638234986604,863.205
264.0,263.58664748279716,263.325,276.0294105126937,258.765
207.0,207.52076309643326,207.33,283.8113577372863,207.0
699.0,698.9725470350959,693.08,732.1893272720947,700.77
359.0,358.92976508733136,365.535,363.23353536575684,355.615
501.0,501.10074000500845,506.795,626.9232990222554,502.805
200.0,200.1231499230389,197.72,261.4779968353543,200.26
389.0,389.1026835849816,394.89,373.95627342778624,392.285
1279.0,1279.0330356644781,1264.915,1454.9550652345586,1277.965
612.0,612.3935525192701,622.51,639.8644680383949,614.41
57800.0,57800.06962311079,57448.125,57919.66620458475,57905.98
279.0,279.00432393642313,288.48,370.0214405848595,280.49
1148.0,1147.9460946130375,1149.065,1480.2203467667202,1149.795
297.0,296.61549063727216,299.06,334.94418216069613,300.59
433.0,432.842771959884,428.09,366.69076756643085,431.655
449.0,449.0141923056899,446.765,370.0214405848595,449.935
630.0,629.4492293446438,650.38,638.0209849507037,630.8
1615.0,1615.054913923831,1649.025,1444.9494467692832,1673.94
298.0,297.82235985294847,297.38,282.49022723305677,297.675
268.0,267.69233451722994,269.47,281.8500843372981,267.975
1999.0,1999.0551206678847,2025.385,1922.732192943362,1940.19
499.0,498.8408206450122,487.42,370.3835912123954,477.75
29449.0,29449.217423786304,30144.095,30725.12400848903,30873.77
398.0,397.77614033369537,424.015,404.72273281042345,408.265
659.0,659.039914048838,653.245,630.8581318651823,669.255
186.0,186.11204661571173,184.37,243.63565595090563,186.8
175.0,175.19759882633934,196.69,283.1319387049017,181.34
725.0,724.9065716624473,745.745,590.7581294247476,769.235
299.0,298.86277858994526,298.225,370.0214405848595,301.745
293.0,292.87098191791756,305.2,335.86632347702994,299.635
260.0,259.94705218530817,259.2,267.07885803888587,259.88
299.0,298.9593879436952,297.24,370.0214405848595,298.5
499.0,499.07973444238087,498.75,404.72273281042345,499.0
566.0,565.7522062389362,572.2,626.9232990222554,563.865
88768.0,88771.61450160583,85269.64,86956.58274169592,86389.76
275.0,274.7749828069964,276.085,321.16706928585336,275.615
6990.0,6990.005522865052,7235.91,6945.509271044647,7010.495
20999.0,20998.933732885802,20979.0,19920.853073769216,20999.0
24890.0,24889.843916801365,32348.78,30086.01521867446,22145.865
233.0,233.15348709680165,233.715,302.8048602492803,233.33
365.0,364.9608104042345,365.155,337.1409894644456,366.805
1299.0,1298.936614331098,1325.38,1261.1106832303162,1332.36
799.0,799.2497460417071,796.655,653.2790475078298,796.0
599.0,599.2488621196053,596.27,630.8581318651823,602.345
269.0,268.8698998236732,263.525,370.0214405848595,278.07
325.0,324.31280596951365,327.58,346.53248444407325,319.645
629.0,629.2981760619205,631.9,621.8725352187796,627.225
2790.0,2790.0956783704146,2813.685,2805.3159544460013,2795.0
1316.0,1315.8573480112873,1252.61,1268.077875697567,1296.495
403.0,403.4488909912907,402.195,370.0214405848595,402.675
79990.0,79989.99313102038,77362.29,78275.0625747256,78796.0
314.0,313.99490415224955,307.995,370.0214405848595,315.33
1199.0,1199.0324178336932,1234.05,1270.8186625001872,1226.985
284.0,284.1175439674935,284.025,370.0214405848595,284.0
251.0,251.18330119312577,248.88,307.57697027196923,249.53
59.0,59.041343500278344,78.05,225.53955841874287,74.95
1499.0,1498.482640152084,1510.8,1425.1470513073807,1498.65
833.0,833.288409293682,854.515,662.7718027685312,828.145
200.0,200.16612013963095,200.0,255.1898639933228,200.0
499.0,499.1014993822573,499.185,370.0214405848595,491.51
549.0,549.1559828584359,549.485,626.9232990222554,549.005
694.0,694.0446806586733,684.97,663.3223985837813,695.97
299.0,299.1616439849695,299.1,370.0214405848595,299.0
395.0,395.02546584501215,381.785,343.0163793236685,394.215
632.0,631.3371140776308,629.65,653.2790475078298,623.91
799.0,799.0718257393701,798.775,653.703966394419,798.105
454.0,454.1229646068841,451.37,366.6848459569678,453.595
590.0,590.0707235668879,609.69,630.8581318651823,608.175
96990.0,96990.0815920199,92024.03,89986.30575951151,93316.545
384.0,383.819205678873,383.36,370.0214405848595,383.65
11790.0,11790.040455697475,11756.745,12498.681313790563,12018.935
299.0,298.76232946334676,299.2,370.0214405848595,299.0
1295.0,1294.9938914098148,1279.595,1301.9994986132472,1288.375
369.0,369.09560440879613,370.015,363.23353536575684,371.295
9399.0,9399.052262211837,8579.275,8591.888234249252,8621.485
350.0,349.9826769767151,347.62,317.7203991687681,350.185
1325.0,1325.0454750379522,1322.345,1454.9550652345586,1318.02
633.0,633.0281966970024,657.72,638.0209849507037,659.465
720.0,720.0927034525866,717.22,629.1601102604174,719.095
1189.0,1188.9229299875615,1209.915,1350.667389302295,1156.755
665.0,665.2994193739869,664.92,628.5199673646588,661.605
399.0,399.2449683800842,401.705,370.0214405848595,398.53
699.0,699.2485094683252,712.34,626.9232990222554,701.2
224.0,224.06568848529514,224.205,242.16966090610663,224.655
64.0,64.1471686721352,72.635,219.25142557671145,68.56
324.0,324.0877258609298,326.185,336.50084656868694,325.62
3599.0,3598.949017772741,3724.02,3936.3838684794828,3700.205
249.0,248.98765817613548,247.72,307.57697027196923,248.675
499.0,499.0732654968833,498.975,370.0214405848595,499.0
449.0,448.90040984949155,463.15,370.0214405848595,456.98
665.0,665.2725172493156,670.485,639.8644680383949,676.855
628.0,628.0483708471347,620.265,622.5126781145382,626.805
183.0,182.86976581348154,183.68,255.1898639933228,186.48
999.0,998.8507476804552,930.45,801.567910550745,821.51
90.0,90.11704784994254,89.43,198.94043458670612,91.565
825.0,825.1267573082796,825.25,662.7718027685312,821.14
5990.0,5989.966928194452,6142.29,6506.6992273280175,6098.035
399.0,399.05924162796873,388.145,343.0163793236685,399.875
279.0,278.4430899775625,277.45,281.8500843372981,279.0
128.0,127.89887398833343,129.075,256.8394638112036,131.99
567.0,566.8358533950459,609.95,653.2790475078298,585.675
148.0,147.9449319387213,145.18,203.45718356748765,146.85
540.0,540.3176733066548,537.11,636.9232802820433,553.49
798.0,797.9889632124923,807.265,663.3223985837813,802.01
822.0,822.2823416480296,816.075,582.4382419371331,899.39
3749.0,3748.8487850792817,3679.205,3123.1774871763937,3653.33
269.0,268.8463750185856,263.065,370.0214405848595,278.08
699.0,699.4455024343852,685.455,654.7671707877255,666.63
449.0,449.1848058968071,449.67,370.0214405848595,447.65
2586.0,2585.218235068108,2626.355,2523.277903650006,2586.0
3999.0,3998.699353419064,4022.555,3123.1774871763937,4021.68
247.0,246.9719308423155,246.785,276.0294105126937,247.215
449.0,448.7872843219038,451.7,370.7008596172441,448.635
284.0,284.0687456944097,281.18,281.8500843372981,283.69
133.0,133.02777103485732,130.045,233.5618091013581,132.315
33990.0,33989.725188584605,38703.075,39058.45399009665,34286.745
580.0,580.0883346696164,580.16,622.5126781145382,580.0
457.0,457.2293675160072,450.15,366.69076756643085,451.515
139990.0,139989.55987743073,148359.725,149952.4230646541,145308.895
359.0,358.9102421570842,347.235,328.3171251324919,346.045
519.0,518.9384510435575,529.29,636.9232802820433,520.145
922.0,921.9698675639393,896.055,662.7718027685312,924.26
239.0,238.96184781315787,237.71,282.9130436819685,235.49
189.0,189.15214708542953,188.805,214.57246615854413,190.16
830.0,829.937563942126,835.56,662.7718027685312,829.23
260.0,260.0971082783117,256.26,276.0294105126937,260.41
1139.0,1139.7684793492263,1151.69,1249.36144953516,1152.32
63490.0,63489.86591293933,63340.95,65082.147053825975,63286.61
2299.0,2299.125956822449,2167.565,2566.0391660658506,2224.8
499.0,499.0368296817787,496.9,370.0214405848595,497.99
199.0,199.0443521613015,208.955,310.89131208480137,197.915
42999.0,42999.05580932942,42957.285,43724.79087720833,42999.0
284.0,283.92008698616064,284.0,370.0214405848595,284.0
6390.0,6389.975017425892,6667.585,5863.639862824253,6560.355
5499.0,5498.757279075154,6085.065,6550.95698383284,5984.32
332.0,331.70551250043263,332.445,317.0802562730094,333.015
1249.0,1248.9295196644953,1227.535,1309.1721745801497,1232.055
678.0,678.0392504719375,663.8,626.9232990222554,672.31
648.0,648.518816724586,668.035,653.2790475078298,670.02
390.0,389.9304639088159,390.26,348.00445891244755,388.03
78990.0,78989.88838425605,80865.84,79523.00464122738,79435.05
170.0,169.93896171771212,168.81,206.4566196171351,170.96
476.0,476.1622148437382,473.285,375.65366922174957,476.025
25.0,24.94853677876381,29.81,190.82458804529708,23.555
1424.0,1424.1069696030872,1454.42,1304.0546926999818,1420.565
9499.0,9498.832540069514,9495.66,9115.700811971463,9499.0
2199.0,2198.8781360439534,2208.91,1994.4464213038932,2269.835
1249.0,1249.0044421100847,1223.71,1254.9340557771147,1237.485
137098.0,137098.18714543447,131157.36,131140.7654177416,132451.71
726.0,726.1948653809868,738.985,653.0638234986604,725.835
323.0,323.10049969846114,319.43,351.77522864694305,322.615
399.0,399.09454850225393,398.88,373.95627342778624,398.885
265.0,264.897868835792,266.835,280.7251234284511,264.68
1075.0,1074.8891182644675,1075.77,1454.9550652345586,1075.46
494.0,493.7046050905574,493.575,370.0214405848595,493.95
559.0,558.9992296850724,553.98,833.7807154003904,579.345
229.0,228.95279800402022,228.17,292.87771608079265,227.325
1299.0,1298.8037603106177,1302.365,1328.271729299425,1302.175
210.0,209.88919103950775,211.14,310.89131208480137,208.76
449.0,448.66877773884335,449.165,370.0214405848595,449.0
714.0,713.7690552635977,704.82,630.8581318651823,710.56
229.0,229.06338543157926,228.93,242.8098038018653,229.3
359.0,359.3088446542215,363.39,356.12882261274063,367.085
1970.0,1970.0350898908964,1988.09,1626.4874445349153,2002.17
584.0,584.2897350651428,589.33,621.8725352187796,584.0
15290.0,15289.999078417935,17078.485,17059.571095027117,15606.725
719.0,718.4171989398183,708.415,630.8581318651823,714.89
1094.0,1093.935790144561,1115.56,1261.1106832303162,1119.385
269.0,268.845332190047,322.965,384.1860794067205,319.51
155.0,155.14877322810753,153.615,251.24543684012824,155.425
410.0,409.7700547564418,410.885,369.83299539714517,410.0
6999.0,6999.062263789837,6966.0,7164.797642390888,7006.0
304.0,304.1658089625289,309.175,327.6377061001073,309.845
640.0,639.8641447913424,679.58,662.7718027685312,646.26
3299.0,3298.859043551496,3154.79,2966.135896481435,3413.17
379.0,378.6794837725338,377.555,370.0214405848595,379.35
349.0,348.78699668572153,348.43,360.22995084606777,348.155
1154.0,1154.1528540022282,1149.895,1302.5500944284972,1150.525
419.0,418.94218584336886,419.135,363.23353536575684,419.0
73990.0,73989.99164762735,74375.15,74642.69901171052,73990.0
44990.0,44989.888963880345,41190.55,42742.027721289414,41484.81
188.0,188.15673022679948,188.235,224.64631300809165,185.995
664.0,664.1806819889707,663.135,621.8725352187796,663.235
527.0,527.0699816789429,555.11,627.60271805464,528.27
475.0,474.884158152312,471.885,370.0214405848595,472.485
189.0,189.04650659904564,192.7,370.0214405848595,189.4
60.0,60.08341202266729,78.855,225.53955841874287,79.235
499.0,498.4387162065168,494.23,373.964692140726,499.0
399.0,398.73672146257195,403.37,356.80824164512524,399.8
1079.0,1078.9769582344725,1156.465,1254.9340557771147,1186.415
79990.0,79990.13460939434,79759.76,79369.64595691078,79468.18
19.0,19.005169836578716,30.855,225.53955841874287,32.81
112.0,112.18875611624844,118.125,231.88402109890205,112.635
485.0,485.1139504258226,476.0,375.65366922174957,477.6
9890.0,9889.739588707786,9519.28,8111.809757983195,9410.135
63990.0,63990.055286361465,65554.935,62899.24854783785,65745.705
832.0,832.226284909576,821.495,653.2790475078298,816.715
393.0,393.06289447789914,379.11,343.0163793236685,395.605
570.0,570.0451420530962,567.735,631.5805144886504,569.665
949.0,949.1051300247982,909.355,653.2790475078298,910.515
1249.0,1248.7491825128454,1201.625,1304.9497094251606,1224.56
884.0,884.0774558829453,883.345,662.7718027685312,883.115
299.0,299.18303560904405,299.42,370.0214405848595,299.0
29999.0,29999.09345400277,29273.28,30718.558540939295,30044.0
362.0,362.04920532366486,364.65,361.37827319802045,362.22
228.0,227.92316834932626,228.73,318.04136793143994,230.37
55999.0,55999.20410904775,57098.07,57204.24835315834,55176.795
50990.0,50989.88868402241,55936.18,54740.924574262375,56165.965
245.0,244.9832442695615,245.615,307.57697027196923,247.815
265.0,264.97066243069,268.005,310.89131208480137,265.105
92990.0,92990.02251893938,87330.225,88326.02995137598,88501.025
351.0,351.1842641851608,358.025,370.0214405848595,355.67
99.0,99.0389037301602,98.24,190.82458804529708,98.79
13490.0,13490.165611073493,14136.835,15658.821383887242,13704.085
282.0,282.13652221355915,275.275,326.26327892595253,276.46
763.0,763.1925491314123,734.9,639.8644680383949,769.035
1217.0,1216.7566093863024,1180.625,1304.9497094251606,1213.275
213.0,212.87525356786773,207.955,267.57468831356897,210.27
330.0,329.95628707978994,329.035,317.7203991687681,329.475
648.0,648.0431619629699,647.75,622.5126781145382,648.0
209.0,208.94571298176106,212.345,269.42995048130535,211.785
359.0,358.7102454586475,358.99,347.36431601668886,359.855
17999.0,17998.922305312186,17963.195,17918.252380150527,17999.0
497.0,496.77042012838956,494.705,376.29381211750825,498.71
526.0,526.0502083328483,542.14,626.9232990222554,534.415
18490.0,18489.825536800803,18556.67,17929.524208807852,18490.0
314.0,314.04710442580017,313.815,317.0802562730094,314.0
2384.0,2383.926491936203,2376.34,1994.4464213038932,2435.205
575.0,574.8189393333187,576.13,630.8581318651823,574.76
562.0,562.2507791613516,547.685,638.7785424497796,565.46
599.0,598.8332299416761,606.515,626.9232990222554,608.54
270.0,269.8902865764476,274.235,320.48765025346876,270.74
21890.0,21889.88077047669,21500.095,19328.613677311743,21154.94
169.0,168.89488276523207,179.86,282.60195887974066,175.05
1899.0,1899.101181666133,1798.405,2068.28819525791,2082.58
359.0,359.15553267953146,358.65,370.0214405848595,359.765
1568.0,1568.0491866137882,1579.19,1523.8597265335482,1538.02
66590.0,66590.00325606832,68296.98,70823.44302727639,66040.755
199.0,198.99034322854095,197.99,261.4779968353543,198.73
587.0,587.2385099043922,586.385,631.5805144886504,586.955
413.0,412.9932359645263,404.85,370.0214405848595,403.82
275.0,274.9370241680408,274.27,334.94418216069613,274.135
199.0,198.98748016284299,198.905,282.60195887974066,199.12
159.0,159.12804937278088,158.985,234.88345714854947,159.0
539.0,539.783451336114,553.985,626.9232990222554,542.08
289.0,288.91216263164006,288.955,370.0214405848595,289.0
1160.0,1159.9909446057109,1128.875,1350.667389302295,1170.07
145.0,144.9611484499419,142.445,203.45718356748765,143.785
315.0,314.83081367323757,324.525,353.63049081467943,315.65
547.0,546.9726925128452,588.88,653.2790475078298,583.855
320.0,319.8464612908738,318.39,317.0802562730094,318.66
438.0,438.3183671095685,457.465,370.0214405848595,433.695
247.0,247.08301880413546,246.52,302.8048602492803,248.76
257.0,256.9294798550036,258.34,267.07885803888587,256.46
306.0,306.1936567640987,314.03,351.77522864694305,304.255
549.0,549.1173056850448,552.35,632.1311103039004,550.135
399.0,399.17864794025263,400.62,363.23353536575684,398.06
8290.0,8289.742538060103,8144.65,7900.451822470603,8082.625
501.0,501.1042551544033,504.59,626.9232990222554,501.0
297.0,297.1340283696418,303.01,317.0802562730094,298.835
217.0,216.72852931977468,217.25,253.86821594613141,217.26
12999.0,12998.906492426137,12485.435,12907.102599869635,13209.2
578.0,578.0540192257149,567.19,627.60271805464,578.275
11490.0,11489.955364994097,12412.895,13392.762713882676,12549.395
269.0,269.1342752556402,293.835,373.95627342778624,300.095
16690.0,16689.950779808252,16692.595,16658.409558364434,17137.68
290.0,290.2200209821531,295.31,321.16706928585336,289.975
650.0,650.2102068211889,653.32,621.8725352187796,647.43
570.0,570.0846304584347,563.3,627.60271805464,565.585
449.0,449.0332876839193,445.385,376.35588842444963,449.0
268.0,267.98228363414546,267.9,281.8500843372981,267.955
998.0,998.3114731982268,978.645,663.3223985837813,958.4
9999.0,9999.037380761582,9839.205,9511.585689583397,9979.0
500.0,499.9904912607508,496.78,376.29381211750825,499.265
825.0,825.1270826491846,808.83,653.2790475078298,796.805
458.0,457.8369511633682,459.18,370.0214405848595,456.505
565.0,564.8968860895111,582.115,626.9232990222554,565.0
183.0,182.88713012155677,191.535,283.1319387049017,183.545
919.0,919.1479672942769,915.815,856.4150464801705,921.56
11499.0,11499.156679333133,12401.99,13456.918716694021,12016.22
539.0,538.8139892794552,617.02,653.2790475078298,603.77
499.0,499.11780493380775,493.3,370.0214405848595,496.09
449.0,448.9607147374945,443.775,366.69076756643085,450.095
8499.0,8499.006245544671,8956.51,9030.361505626033,8565.97
307.0,306.87360043723584,311.475,303.92527407967094,308.78
1050.0,1050.043924838923,1121.915,1271.3692583154373,1110.13
399.0,399.1417522058546,398.875,370.0214405848595,398.5
498.0,497.6633937420893,486.38,404.72273281042345,497.74
155.0,155.1799035246886,161.795,261.4779968353543,154.925
6790.0,6790.163979950701,7035.045,8793.656034682623,7047.445
307.0,307.06657531607107,305.7,335.86632347702994,305.66
375.0,374.81655633684477,380.735,361.37827319802045,386.265
299.0,299.0102085260378,298.56,370.0214405848595,299.495
156.0,155.87143879811265,154.095,251.92559152048088,156.49
664.0,663.8321125990851,661.315,633.2577468618456,650.25
169.0,169.20938518197545,171.375,233.5618091013581,178.54
899.0,899.1954122619027,863.365,732.1893272720947,859.945
319.0,319.21090505092707,318.93,335.86632347702994,319.0
50690.0,50690.14826181362,56142.47,52626.8599338812,55314.39
257.0,256.9465214275788,258.325,267.07885803888587,257.385
245.0,245.14944509427187,244.97,302.8048602492803,245.015
289.0,288.7592664388085,289.135,286.5457972530555,289.11
1599.0,1599.1312049348826,1610.565,1870.5246114573758,1593.155
205.0,204.4203434434794,210.87,253.86821594613141,202.465
394.0,394.1391766824363,391.465,363.23353536575684,391.09
329.0,329.04166749047454,326.815,370.0214405848595,327.795
299.0,298.9763948922882,293.51,353.17991658995254,298.015
9590.0,9589.838043545367,9145.085,9424.005910903988,9050.725
476.0,475.9473502881874,472.84,370.3835912123954,477.645
284.0,283.92008698616064,284.0,370.0214405848595,284.0
399.0,399.132347480142,398.745,363.23353536575684,399.12
359.0,359.0178439787687,359.89,370.0214405848595,359.0
12990.0,12989.813773399223,12768.53,13583.882168781975,13109.285
549.0,549.0276654472582,553.24,638.0209849507037,551.895
339.0,338.88823599447915,357.11,370.0214405848595,348.2
4199.0,4198.782801433952,4085.78,3568.2270656385995,4125.245
1299.0,1298.8154684276878,1290.315,1328.271729299425,1292.185
1100.0,1100.0987558709767,1154.235,1271.3692583154373,1126.77
320990.0,320989.8969167625,311490.85,347750.83461436315,316895.65
159.0,159.09312852398762,159.0,234.88345714854947,159.0
399.0,399.1421419858325,398.92,363.23353536575684,399.02
408.0,408.04860369106245,413.9,368.528329044659,411.755
499.0,498.93207944305414,494.74,370.0214405848595,498.735
1499.0,1498.7538330081952,1594.26,1346.8578513926404,1545.045
1299.0,1298.7998207251585,1327.875,1498.0603444766818,1316.35
825.0,824.9848254089393,817.165,722.3444324654567,787.88
720.0,719.8433760505131,687.375,692.0668056167706,698.615
306.0,305.83286072509964,312.575,346.53248444407325,301.705
2596.0,2595.7677020372316,2677.995,2250.976639102807,2655.625
545.0,545.0221595059311,588.72,638.0209849507037,553.06
299.0,298.7979780336418,299.2,370.0214405848595,300.49
648.0,648.0384570019523,647.605,622.5126781145382,648.0
891.0,891.1233751139298,883.2,738.9059464719992,913.895
29999.0,29999.21579960209,30303.815,30884.17315454245,35262.24
1399.0,1399.142376401549,1357.965,1344.7244570097048,1369.79
1231.0,1231.1547586742727,1180.645,1304.9497094251606,1212.68
366.0,365.9954141262815,365.235,370.0214405848595,364.145
630.0,630.0168788577375,650.21,662.7718027685312,635.27
974.0,973.8818147370084,956.12,641.9558177936306,974.0
189.0,189.2459414979976,190.155,370.0214405848595,194.425
945.0,945.2310310309449,937.86,639.8644680383949,940.045
372.0,372.1518763995309,371.375,363.23353536575684,367.12
26990.0,26989.778332421618,30005.295,29376.9636389758,29657.38
53.0,52.850477272149874,51.77,217.92977752952007,53.445
3334.0,3333.9053826165346,3706.435,3815.0576198442436,3235.725
649.0,649.1387194168046,648.405,638.0209849507037,649.0
299.0,298.8671997793517,298.93,327.6377061001073,299.0
155.0,155.1221518979055,153.18,234.88345714854947,154.95
52500.0,52500.00198497088,52579.445,54054.77018883661,52500.0
1194.0,1193.9246388433467,1175.65,1513.6955735109157,1197.1
179.0,178.9048037509392,179.79,224.64631300809165,177.98
699.0,699.0808024841053,697.72,622.5126781145382,700.165
13090.0,13089.817213756589,13558.895,15056.665535355436,13502.68
13999.0,13998.907437542835,14119.815,14154.911884295741,13931.665
30.0,29.967350928384803,30.575,190.82458804529708,31.535
662.0,662.3184615999107,689.69,633.2577468618456,668.19
199.0,199.06124478910806,198.015,310.89131208480137,198.635
45.0,44.9647774883133,44.855,190.82458804529708,44.72
199.0,199.49265714806825,200.915,269.42995048130535,199.0
473.0,473.62736806470366,473.805,370.0214405848595,472.835
179.0,179.14461440174,194.05,346.53248444407325,208.835
102.0,102.01238474489037,123.485,310.89131208480137,140.36
880.0,880.2763745143675,866.35,883.4225733409777,854.87
271.0,270.7481009471003,275.32,282.49022723305677,272.775
280.0,279.955276660663,279.525,282.49022723305677,279.085
211.0,211.06662356471315,220.8,292.87771608079265,210.62
849.0,848.9646932952119,856.235,874.3547369668655,869.155
899.0,899.052979740356,900.93,662.7718027685312,873.47
87990.0,87989.68068076795,83757.31,85100.97419637578,85064.655
699.0,699.0031730934916,698.225,653.2790475078298,686.66
399.0,398.48816227185125,399.01,370.0214405848595,399.0
329.0,328.56135290870225,328.13,317.7203991687681,329.255
339.0,338.7712439682309,336.705,317.7203991687681,336.995
228.0,227.89157970764973,232.19,296.4616440499783,228.43
429.0,428.97293686606554,429.1,366.6848459569678,430.29
749.0,749.2509652169183,784.855,663.3223985837813,753.525
949.0,948.8949020095351,942.54,633.9371658942302,947.075
499.0,498.6746221020403,499.0,376.29381211750825,499.0
217.0,217.18249627577552,224.875,289.00973516018314,218.34
959.0,959.149402527526,852.61,722.3444324654567,817.995
199.0,197.76852492993294,199.055,255.1898639933228,199.015
290.0,290.11511426127345,288.77,281.8500843372981,289.26
999.0,999.1226585722607,979.465,641.9558177936306,995.375
1170.0,1170.0408073778872,1167.175,1480.2203467667202,1173.805
439.0,439.22015004992954,436.94,370.0214405848595,442.94
20990.0,20989.963269262775,21087.02,21769.265883637756,22003.21
21999.0,21998.91792214123,21350.235,19920.853073769216,21552.745
357.0,357.1035038525779,359.255,360.22995084606777,358.85
243.0,242.83504602822632,240.98,370.0214405848595,242.185
240.0,240.1538147602696,239.925,274.1256633970628,237.98
349.0,348.7877481403375,350.13,356.12882261274063,349.13
617.0,616.9226030010341,616.325,631.5805144886504,620.42
404.0,403.76279171801434,413.215,370.0214405848595,403.125
140.0,139.9049188069248,142.055,233.5618091013581,140.54
229.0,229.07690167291366,231.14,292.87771608079265,231.255
356.0,356.22570387373617,361.74,356.12882261274063,361.8
599.0,599.3367336847541,603.905,631.9855790386251,626.855
329.0,328.9608514042666,328.15,317.7203991687681,333.96
299.0,299.077715358334,298.49,373.95627342778624,297.4
324.0,323.711062462281,326.5,317.7203991687681,324.365
349.0,348.973650185957,365.285,404.72273281042345,365.805
299.0,299.172944097465,299.425,370.0214405848595,300.7
4290.0,4289.874896526583,4278.215,3635.4642204401594,4344.185
369.0,369.1071971892952,371.71,370.0214405848595,373.43
299.0,298.9535600906611,299.755,370.0214405848595,299.0
499.0,498.5577166583362,499.0,376.29381211750825,499.0
459.0,459.26264611545594,450.995,404.72273281042345,456.78
1497.0,1497.2368103745966,1498.58,1334.9883484993295,1502.185
186.0,185.84106477651858,186.455,301.28826753372397,185.93
39990.0,39990.0464304274,42042.73,41161.45660451268,40263.095
399.0,398.8774649501902,398.515,370.0214405848595,399.0
203.0,203.15686222029308,199.11,261.4779968353543,199.64
44990.0,44990.277326543706,44186.85,46024.573046381236,44156.81
3799.0,3798.8662329466256,3690.44,3872.50617650709,3739.265
330.0,329.9483618054883,328.79,317.7203991687681,328.825
290.0,289.9150325420014,290.54,321.16706928585336,290.0
332.0,331.70786498094185,332.35,317.0802562730094,332.92
399.0,399.09080805895155,398.53,363.23353536575684,399.93
7999.0,7999.160808389647,8031.57,7991.706856180556,8006.48
720.0,719.8117736386885,732.55,633.2577468618456,702.7
269.0,268.96899358631254,259.86,370.0214405848595,263.955
399.0,399.17107972579015,399.0,370.0214405848595,399.0
1679.0,1679.1238955075123,1695.86,1523.8597265335482,1680.075
299.0,298.9077247594896,298.995,370.0214405848595,299.0
509.0,509.31125435246486,553.445,626.9232990222554,560.925
8890.0,8890.07349381809,8755.66,8265.579913728281,8515.59
977.0,977.123801767304,975.895,653.703966394419,970.26
498.0,487.70916059279716,493.56,401.3309593759167,479.02
199.0,199.22806797367684,196.96,301.28826753372397,198.075
289.0,288.84116508350235,301.945,370.0214405848595,300.08
449.0,448.8598550487959,450.795,370.0214405848595,449.0
574.0,573.8950517487256,578.68,631.5805144886504,582.895
299.0,298.88029291974453,298.955,370.0214405848595,299.0
79990.0,79989.49792477959,82154.96,84371.19151800653,84279.18
8999.0,8998.835462583205,9007.875,9559.0369660285,8685.39
239.0,238.88154670739004,242.235,310.89131208480137,235.935
299.0,299.2217113031402,298.95,370.0214405848595,299.0
382.0,381.9994162505345,383.42,360.22995084606777,382.255
41990.0,41990.01012222378,42016.5,41693.3935031071,41990.0
949.0,949.05875342114,927.395,612.184748625247,916.04
273.0,273.18880804880155,275.325,333.08891999295975,273.45
423.0,422.76282012162665,423.915,373.95627342778624,419.26
262.0,262.2218613996811,274.405,370.0214405848595,259.475
1199.0,1198.8092158652817,1195.535,1261.6440599831,1199.0
281.0,280.87010352946527,291.11,321.16706928585336,286.52
199.0,198.8946591345184,198.445,231.93710091088056,199.91
279.0,279.01396284897146,283.845,304.6601224170167,282.09
125.0,124.97332292665851,121.585,197.19789046058384,124.0
199.0,199.0911462014119,198.77,282.60195887974066,199.475
849.0,849.2921316906513,856.98,662.7718027685312,844.99
575.0,574.5919212466242,577.67,622.5126781145382,575.8
7499.0,7499.113125531333,7550.09,7340.186850848158,7499.0
130.0,130.06887645819825,129.585,211.5730301088967,129.195
210.0,210.0899616596771,219.315,282.9130436819685,213.595
14999.0,14999.011770830057,15097.96,14839.615116878382,14999.0
399.0,398.9119926786243,409.19,362.7762547586199,406.375
225.0,224.99309993979477,227.135,292.87771608079265,229.545
625.0,624.8275360447942,632.94,621.8725352187796,630.67
300.0,300.1283503941031,307.91,335.86632347702994,301.095
199999.0,199999.1054257848,164859.265,168804.65308889962,195986.62
207.0,207.537203317258,207.14,283.8113577372863,206.925
2082.0,2081.739354716647,2089.885,1902.03156225509,2118.555
1199.0,1199.1379360158044,1240.325,1489.2881831408324,1203.76
509.0,509.0671756884867,528.01,631.5805144886504,525.55
125.0,125.04011975814683,129.825,256.8394638112036,127.41
999.0,998.9145937700787,993.02,653.703966394419,996.565
349.0,348.8980680959612,344.91,328.3171251324919,350.065
315.0,314.67441971537755,312.095,370.0214405848595,313.26
798.0,797.9619353681655,796.945,653.703966394419,794.13
449.0,448.6978333309571,448.73,375.65366922174957,449.0
299.0,299.0671146266495,299.0,370.0214405848595,299.0
269.0,268.93388430040613,268.01,274.569119154477,268.74
979.0,979.004505729964,980.785,856.4150464801705,961.295
586.0,586.2352032287235,584.92,631.5805144886504,586.77
1699.0,1699.1356497433062,1668.45,1444.0339726666505,1681.83
156.0,156.1337294056575,158.44,234.88345714854947,156.055
449.0,448.91563711603067,451.205,370.0214405848595,449.0
274.0,273.85410300701824,279.855,320.48765025346876,274.26
274.0,274.1543405593211,278.66,370.0214405848595,270.48
990.0,990.2184206686316,989.57,874.3547369668655,990.0
325.0,325.2022855592013,328.64,335.86632347702994,325.76
8490.0,8489.727842618633,8601.31,10354.583745845724,7438.205
299.0,298.83605206332686,299.08,321.16706928585336,299.0
749.0,749.1503430789262,742.325,630.8581318651823,745.19
949.0,949.1393012907793,948.165,856.4150464801705,949.52
598.0,597.9466859412287,621.28,633.2577468618456,601.035
269.0,268.8318574549621,277.07,346.53248444407325,277.535
170.0,169.89022250595372,170.17,233.5618091013581,168.745
250.0,249.77344018412896,251.275,370.0214405848595,249.97
419.0,419.36360824575877,413.72,404.72273281042345,405.64
292.0,291.9341720976163,291.655,282.49022723305677,291.87
549.0,549.2690448980984,657.06,708.3378196573022,649.48
633.0,632.3655901388429,628.835,653.2790475078298,620.915
239.0,239.1021961796323,237.415,269.42995048130535,238.65
830.0,830.1477211913325,825.535,662.7718027685312,821.2
310.0,310.05038942381725,313.27,317.0802562730094,307.555
27790.0,27789.743690207328,35961.595,34062.62020291243,35504.995
243.0,242.91838703262874,241.85,289.9364145616231,244.15
284.0,283.92008698616064,284.0,370.0214405848595,284.0
41990.0,41989.86440695962,44609.775,42152.78800614547,44809.75
95.0,95.08400645159782,99.345,246.08619792927138,100.645
472.0,472.225075864736,433.7,404.72273281042345,462.89
197.0,197.07753178255643,195.6,255.1898639933228,193.49
1099.0,1099.054969960972,1099.89,1454.9550652345586,1097.785
892.0,892.0968220670575,881.77,662.7718027685312,877.305
183.0,183.11717320492608,182.725,214.57246615854413,182.795
163.0,162.97758576709293,167.355,233.5618091013581,166.63
64990.0,64989.933076452486,66000.18,65339.442864393546,65815.55
699.0,699.0475790143228,689.455,630.8581318651823,670.92
4196.0,4195.199402721179,4028.605,3700.0059877866483,4040.55
128.0,128.00751489946197,128.67,211.5730301088967,127.615
638.0,637.9622374520295,651.02,663.3223985837813,641.09
3599.0,3598.2517668041673,4186.165,3824.2413798480325,3928.775
494.0,493.8754355032261,486.14,370.0214405848595,492.18
629.0,629.2465018542889,622.63,639.8644680383949,622.015
499.0,498.99878611125314,498.98,370.0214405848595,499.0
26990.0,26990.157541996043,28314.015,28086.64839151703,28155.99
379.0,378.8303929089561,375.515,348.00445891244755,378.435
539.0,539.2482828992279,539.21,621.8725352187796,545.665
502.0,501.92528874742766,551.695,638.0209849507037,552.085
449.0,449.0230378697206,460.24,375.65366922174957,449.4
13990.0,13990.01635285119,13640.4,13677.549270230353,13907.105
5990.0,5989.772114673999,5810.48,5125.002053231079,6018.305
326.0,325.8585777707058,339.065,361.37827319802045,334.9
98990.0,98990.04253282718,88340.245,90430.06761301764,86553.585
215.0,214.46983574138812,215.5,253.86821594613141,214.765
499.0,498.9288196600255,498.505,376.29381211750825,498.685
299.0,299.056778237612,299.85,327.6377061001073,298.905
720.0,720.0881752250498,717.265,629.1601102604174,720.825
550.0,549.936050602164,549.245,626.9232990222554,550.0
999.0,999.0229863224995,935.415,639.8644680383949,937.0
538.0,538.2744512760491,546.875,632.1311103039004,549.745
177.0,176.7961823699925,179.635,301.28826753372397,180.485
389.0,389.46329376083213,397.295,356.80824164512524,395.925
309.0,308.7992958445175,312.325,311.259582448405,313.985
329.0,329.0407538424206,328.805,370.0214405848595,329.18
221.0,220.9590337082036,233.04,370.0214405848595,220.29
129.0,129.0701721873411,127.53,230.56237305171067,128.77
347.0,347.119679765975,346.505,341.54364219208446,346.37
418.0,417.9040816178267,417.995,366.69076756643085,417.7
20390.0,20390.07977264517,19895.81,18665.72298765408,20573.04
79990.0,79990.13460939434,79759.76,79369.64595691078,79468.18
260.0,260.029884033117,259.245,370.0214405848595,259.945
199.0,198.81653803356494,208.125,370.0214405848595,204.395
2319.0,2319.1293009839014,2391.23,1958.5603746606166,2347.59
699.0,699.2010269260591,706.14,663.3223985837813,697.85
716.0,716.0782089218201,702.085,628.5199673646588,719.6
19900.0,19899.98452754184,19342.735,18291.59348983473,19458.79
29499.0,29499.008012301045,29933.215,30442.88992926701,29594.0
499.0,498.7481792206081,498.72,370.0214405848595,498.74
996.0,995.8944372511096,957.135,639.8644680383949,995.905
20500.0,20500.027060827982,20134.415,19530.546777560347,22131.89
249.0,249.00741666412432,248.77,370.0214405848595,249.0
57990.0,57989.78628639331,59259.77,58000.946280641474,58995.255
399.0,398.5070183265907,398.07,370.0214405848595,398.85
50990.0,50989.96147572038,56975.965,54987.74201523181,57141.16
418.0,417.84178782184154,420.85,363.23353536575684,430.73
799.0,798.9950992472668,793.365,653.2790475078298,790.12
261.0,260.953902202069,268.425,320.48765025346876,269.26
309.0,308.8593149182707,317.735,335.86632347702994,312.365
899.0,898.5466076643243,748.855,707.6659812880478,763.995
139990.0,139989.98230686635,154907.99,152646.0416769966,152359.96
4890.0,4890.070750521619,4455.31,4435.415243384384,4423.725
135.0,134.95021503329554,137.51,234.88345714854947,137.075
617.0,616.9226030010341,616.325,631.5805144886504,620.42
685.0,685.0562992090936,698.17,638.0209849507037,725.02
83458.0,83457.66108801699,77616.17,79428.5190321348,81024.765
351.0,351.13556285896084,347.955,353.63049081467943,350.505
17990.0,17990.173359020882,18110.32,18125.373301428575,17990.0
145.0,144.8317174066524,152.155,310.89131208480137,154.605
42990.0,42989.92605220915,43615.75,43982.665247639496,42346.73
595.0,595.1777239469129,592.67,622.5126781145382,591.555
1554.0,1554.008472380765,1520.55,1444.9494467692832,1532.595
557.0,556.9594627457509,570.52,639.8644680383949,556.86
225.0,225.10687273294843,223.955,242.16966090610663,225.035
1379.0,1378.9732642288827,1372.855,1454.9550652345586,1376.14
71060.0,71060.0339778867,68935.125,66813.80115934348,69811.605
42309.0,42309.041503272005,41011.245,39166.61206722575,41139.63
190.0,190.10333895201074,192.455,224.64631300809165,189.495
238.0,237.8106249250377,239.815,242.16966090610663,240.115
387.0,386.7853953104004,390.26,366.05062467067216,384.8
325.0,324.92101112671116,321.975,311.3771829694661,325.045
290.0,289.893236766452,295.235,321.16706928585336,294.39
1299.0,1298.8933627092883,1289.57,1254.9340557771147,1284.345
8999.0,8999.14157221287,8920.07,8710.486107688428,9011.165
5799.0,5798.539109019916,6367.4,5886.883199696057,6246.27
109990.0,109989.97312846682,120399.855,123840.43312814584,120545.815
62999.0,62998.74125989471,63566.26,62969.09064261321,61193.29
934.0,934.2477270639793,912.24,662.7718027685312,928.885
355.0,354.9994198864715,347.685,317.7203991687681,354.705
7890.0,7890.014672713943,7897.08,7138.457095574712,7933.09
368.0,368.03322382391616,359.925,360.22995084606777,367.21
105.0,104.92787469475297,103.735,190.82458804529708,104.78
116.0,115.80358709069515,117.375,230.56237305171067,116.275
299.0,298.9405313491043,308.895,335.86632347702994,302.12
219.0,219.13315406257698,216.46,310.89131208480137,214.765
200.0,199.90510792590794,204.66,267.57468831356897,204.2
10490.0,10489.91544471611,10814.2,11636.332214919948,10490.0
449.0,448.98301174483913,434.45,404.72273281042345,445.48
473.0,473.04882896948493,475.31,373.95627342778624,472.545
269.0,269.1571320945086,266.565,370.0214405848595,267.365
599.0,599.1898758245179,590.21,621.8725352187796,595.395
379.0,378.71420683046017,388.395,356.12882261274063,381.715
216.0,216.0404968375542,221.5,282.9130436819685,218.41
284.0,283.9922985297371,284.48,370.0214405848595,283.95
12990.0,12989.820802997087,12894.215,13900.697248271554,12988.5
832.0,831.982651197025,810.155,881.680328012332,855.03
399.0,399.0513519826036,398.255,370.0214405848595,398.84
211.0,211.0363969136415,210.21,253.86821594613141,213.065
820.0,820.0181694378289,834.07,653.0638234986604,824.82
525.0,524.9282156705403,525.47,630.8581318651823,606.125
444.0,443.0567252731653,447.37,370.0214405848595,444.515
6590.0,6589.938998414697,7108.155,6607.029007761042,6994.2
1799.0,1799.0559579681867,1699.14,1547.5771647706504,1798.3
499.0,499.17623717257993,499.0,370.0214405848595,499.0
535.0,535.0714125652394,594.15,626.9232990222554,608.7
499.0,498.7960441783325,494.645,373.95627342778624,498.85
398.0,398.0121236364985,398.0,370.0214405848595,398.0
35999.0,35999.24024285638,33008.06,33714.26902310314,38026.385
549.0,549.3380270366861,556.46,653.2790475078298,549.0
335.0,334.9479194994974,328.615,317.7203991687681,339.39
300.0,299.9417946370386,299.0,287.1859401488142,298.845
357.0,356.99665290439134,352.11,353.63049081467943,356.735
439.0,439.12435643732806,439.2,369.83299539714517,438.425
349.0,348.8119526027085,346.615,370.0214405848595,356.48
186.0,185.8740782210525,180.375,261.4779968353543,188.085
245.0,244.93652382047094,243.045,242.8098038018653,243.15
520.0,520.1064895119853,536.805,621.8725352187796,543.385
499.0,498.5750449791394,499.0,370.0214405848595,499.0
725.0,725.0885599212043,753.75,653.2790475078298,731.515
7399.0,7398.9766714833,7174.48,7112.462173743198,7438.685
84990.0,84989.94772166717,82841.755,82969.5981457434,83528.465
979.0,979.2092876834922,931.74,639.8644680383949,913.06
479.0,478.9165166570019,473.69,370.0214405848595,476.625
699.0,699.1376668417379,698.15,833.7807154003904,750.33
27990.0,27989.939293931064,27745.745,28303.16411864999,27963.09
999.0,998.9918651027856,997.82,856.4150464801705,954.83
235.0,234.999683187114,236.375,274.1256633970628,235.065
398.0,398.10218011134566,398.0,370.0214405848595,397.98
249.0,247.99029206314117,253.87,341.70983456473925,252.92
67000.0,67000.0935342641,65336.545,65354.01868410258,65703.16
29590.0,29589.994574631946,36089.095,35968.39882663793,35955.46
299.0,299.168361623867,299.385,334.94418216069613,296.195
908.0,908.2916818826243,894.98,856.4150464801705,896.94
599.0,599.0722259054264,599.165,622.5126781145382,597.34
18499.0,18498.83081089055,18488.47,17918.252380150527,18499.0
389.0,388.8775903462856,387.8,366.05062467067216,390.835
179.0,178.9339070501037,178.325,224.64631300809165,177.915
899.0,899.2141556149109,880.15,653.2790475078298,896.405
399.0,398.79528852280964,396.52,370.0214405848595,398.16
4190.0,4189.986003186352,4997.47,5910.5656060097945,4199.77
399.0,398.95996952210953,396.995,370.0214405848595,398.745
479.0,478.935336501072,473.555,370.0214405848595,476.635
29900.0,29899.92063743004,30067.305,30409.876552453454,30121.295
475.0,474.8528515181033,472.31,370.3835912123954,478.105
1299.0,1298.789567554455,1308.13,1498.0603444766818,1297.66
189.0,189.11643064509644,194.23,310.89131208480137,189.385
93.0,93.05294805024096,91.955,190.82458804529708,92.22
190.0,189.82637950191383,189.385,206.4566196171351,191.085
1799.0,1799.0721628032416,1848.535,1886.123787128653,1802.16
345.0,345.1781133748382,342.4,353.63049081467943,341.79
155.0,154.9201677882129,155.275,234.88345714854947,155.13
684.0,684.0540425231302,697.195,638.0209849507037,709.17
240.0,239.95186135233234,239.76,242.8098038018653,239.92
887.0,887.2326764383952,838.055,627.60271805464,867.225
319.0,319.1333911592237,324.24,370.0214405848595,317.445
1050.0,1050.155431380038,1126.46,1270.8186625001872,1115.665
314.0,314.0566441276178,314.035,317.0802562730094,314.0
837.0,836.7185686315624,843.045,604.8591575797806,812.93
9499.0,9498.83959751104,9524.115,9115.700811971463,9499.0
495.0,494.87854381569014,488.275,370.0214405848595,487.735
10.0,9.946201381600076,15.34,190.82458804529708,11.3
870.0,870.2212857264749,860.325,662.7718027685312,866.115
400.0,399.8390840902075,401.965,363.23353536575684,404.595
335.0,334.73245763836076,335.06,336.50084656868694,334.315
177.0,176.94818693403886,175.51,206.4566196171351,176.655
52990.0,52990.161646158675,56249.995,55378.01615083968,56780.245
339.0,339.4441994072322,340.425,335.86632347702994,338.53
3599.0,3599.1387004696116,3641.06,3364.8683824596515,3753.92
1599.0,1598.7380227609647,1625.075,1444.9494467692832,1638.045
289.0,288.8254377451349,290.825,282.49022723305677,290.93
52990.0,52989.940860667695,57460.09,55035.6480379517,57569.92
699.0,698.8663246211981,703.645,653.2790475078298,699.0
219.0,218.7785870905609,225.07,268.1083024341139,220.875
2399.0,2399.148288022725,2347.08,2192.2992633578806,2382.44
1700.0,1699.806140390122,1700.99,1609.6150752547535,1657.055
199.0,198.95490201371376,199.905,310.89131208480137,197.795
288.0,287.7245644673494,300.06,303.28513118391226,289.04
49999.0,49998.812635908806,48740.495,48187.19238245739,48554.715
427.0,426.92401996559056,426.11,366.69076756643085,425.4
7790.0,7790.076667810854,7830.435,7488.698251181886,7844.07
224.0,224.1003816729517,223.615,242.16966090610663,224.115
565.0,565.0784498910507,567.245,622.5126781145382,569.78
389.0,389.2287605983729,388.685,363.23353536575684,387.4
232.0,231.92986169653796,238.36,242.16966090610663,234.105
505.0,505.12492373262194,575.93,630.8581318651823,608.675
370.0,369.9493065306815,364.02,348.00445891244755,365.285
10599.0,10599.123284966652,10796.175,10867.256629267435,10693.6
1139.0,1138.6154977140313,1148.66,1261.750826126075,1147.085
252.0,251.87423433124695,249.015,307.57697027196923,251.83
1950.0,1950.021389140662,1910.765,1775.0853756109245,1904.18
475.0,475.0443798644019,479.07,375.65366922174957,481.415
18999.0,18999.06840982536,18959.0,18822.014608984864,18967.0
299.0,298.591390537862,299.715,370.0214405848595,299.0
319.0,318.7642093682907,317.54,341.54364219208446,321.235
