Actual_Price,Predicted_Price,Difference,Absolute_Error
449.0,448.90728061763184,0.09271938236815913,0.09271938236815913
525.0,525.2151992139206,-0.21519921392064134,0.21519921392064134
16990.0,16990.142726908867,-0.1427269088671892,0.1427269088671892
849.0,849.1100400930618,-0.11004009306179796,0.11004009306179796
841.0,840.9451730394603,0.05482696053968539,0.05482696053968539
60990.0,60989.848318216114,0.15168178388557862,0.15168178388557862
25990.0,25990.11543601069,-0.1154360106884269,0.1154360106884269
267.0,266.86989764179725,0.1301023582027483,0.1301023582027483
349.0,349.33626609461135,-0.3362660946113465,0.3362660946113465
549.0,549.1578707195868,-0.1578707195867537,0.1578707195867537
